Sentence Number,Token Number,Text
0,0,What
0,1,genre
0,2,does
0,3,The
0,4,Invisible
0,5,Man
0,6,belong
0,7,to
1,0,When
1,1,was
1,2,the
1,3,TV
1,4,series
1,5,Mulheres
1,6,Apaixonadas
1,7,first
1,8,aired
2,0,How
2,1,many
2,2,seasons
2,3,of
2,4,The
2,5,Ambassador's
2,6,Daughter
2,7,are
2,8,there
3,0,What
3,1,is
3,2,the
3,3,main
3,4,focus
3,5,of
3,6,the
3,7,TV
3,8,series
3,9,Don't
3,10,F**k
3,11,with
3,12,Cats:
3,13,Hunting
3,14,an
3,15,Internet
3,16,Killer
4,0,How
4,1,many
4,2,movements
4,3,are
4,4,there
4,5,in
4,6,Symphony
4,7,No
4,8,9
5,0,Can
5,1,you
5,2,give
5,3,a
5,4,brief
5,5,description
5,6,of
5,7,Descartes'
5,8,Discourse
5,9,on
5,10,the
5,11,Method
6,0,What
6,1,is
6,2,the
6,3,genre
6,4,of
6,5,The
6,6,Three
6,7,Musketeers
7,0,When
7,1,was
7,2,St
7,3,Basil's
7,4,Cathedral
7,5,built
8,0,In
8,1,which
8,2,country
8,3,did
8,4,the
8,5,events
8,6,of
8,7,Planet
8,8,of
8,9,the
8,10,Apes
8,11,take
8,12,place
9,0,Were
9,1,there
9,2,any
9,3,rumors
9,4,or
9,5,controversies
9,6,surrounding
9,7,The
9,8,Turk's
9,9,ability
9,10,to
9,11,play
9,12,chess
10,0,How
10,1,would
10,2,you
10,3,describe
10,4,the
10,5,Berlin
10,6,Cathedral
11,0,How
11,1,is
11,2,the
11,3,President
11,4,of
11,5,Russia
11,6,elected
12,0,What
12,1,were
12,2,the
12,3,responsibilities
12,4,of
12,5,Anatoly
12,6,Dyatlov
12,7,as
12,8,the
12,9,deputy
12,10,chief-engineer
12,11,at
12,12,the
12,13,Chernobyl
12,14,Nuclear
12,15,Power
12,16,Plant
13,0,What
13,1,religious
13,2,texts
13,3,mention
13,4,the
13,5,Cavern
13,6,of
13,7,the
13,8,Patriarchs
14,0,What
14,1,is
14,2,the
14,3,symbol
14,4,of
14,5,the
14,6,Galactic
14,7,Empire
14,8,in
14,9,the
14,10,Star
14,11,Wars
14,12,universe
15,0,How
15,1,many
15,2,people
15,3,can
15,4,the
15,5,Prophet's
15,6,Mosque
15,7,accommodate
16,0,What
16,1,is
16,2,the
16,3,genre
16,4,of
16,5,A
16,6,City
16,7,of
16,8,Sadness
17,0,Who
17,1,was
17,2,Alexei
17,3,Nikolaevich
17,4,Tsarevich
17,5,of
17,6,Russia
18,0,Which
18,1,famous
18,2,catchphrase
18,3,is
18,4,associated
18,5,with
18,6,the
18,7,Simpson
18,8,family
19,0,Are
19,1,there
19,2,any
19,3,health
19,4,benefits
19,5,associated
19,6,with
19,7,consuming
19,8,rose
19,9,hips
20,0,Who
20,1,choreographed
20,2,the
20,3,original
20,4,1910
20,5,ballet
20,6,of
20,7,The
20,8,Firebird
21,0,How
21,1,many
21,2,people
21,3,can
21,4,the
21,5,Prophet's
21,6,Mosque
21,7,accommodate
22,0,In
22,1,which
22,2,country
22,3,did
22,4,the
22,5,events
22,6,of
22,7,Planet
22,8,of
22,9,the
22,10,Apes
22,11,take
22,12,place
23,0,Can
23,1,you
23,2,sing
23,3,the
23,4,chorus
23,5,of
23,6,the
23,7,folk
23,8,song
23,9,Ring
23,10,a
23,11,Ring
23,12,o'
23,13,Roses
24,0,What
24,1,is
24,2,the
24,3,genre
24,4,of
24,5,The
24,6,War
24,7,of
24,8,the
24,9,Worlds
25,0,What
25,1,architectural
25,2,style
25,3,is
25,4,the
25,5,Umayyad
25,6,Mosque
25,7,known
25,8,for
26,0,Where
26,1,can
26,2,you
26,3,watch
26,4,the
26,5,TV
26,6,series
26,7,The
26,8,Santa
26,9,Clauses
27,0,What
27,1,type
27,2,of
27,3,hill
27,4,is
27,5,Batu
27,6,Caves
27,7,made
27,8,of
28,0,What
28,1,does
28,2,the
28,3,Prophecy
28,4,of
28,5,the
28,6,Popes
28,7,supposedly
28,8,predict
29,0,Who
29,1,are
29,2,the
29,3,main
29,4,antagonistic
29,5,forces
29,6,in
29,7,the
29,8,World
29,9,of
29,10,Ice
29,11,and
29,12,Fire
30,0,What
30,1,is
30,2,the
30,3,genre
30,4,of
30,5,A
30,6,City
30,7,of
30,8,Sadness
31,0,What
31,1,is
31,2,the
31,3,genre
31,4,of
31,5,Gulliver's
31,6,Travels
32,0,Who
32,1,was
32,2,the
32,3,main
32,4,cast
32,5,of
32,6,The
32,7,Pillars
32,8,of
32,9,the
32,10,Earth
33,0,What
33,1,genre
33,2,does
33,3,The
33,4,Invisible
33,5,Man
33,6,belong
33,7,to
34,0,What
34,1,was
34,2,the
34,3,original
34,4,purpose
34,5,of
34,6,the
34,7,Cathedral
34,8,of
34,9,Christ
34,10,the
34,11,Saviour
35,0,How
35,1,do
35,2,you
35,3,eat
35,4,a
35,5,flat
35,6,peach
36,0,How
36,1,would
36,2,you
36,3,describe
36,4,The
36,5,Princess
36,6,and
36,7,the
36,8,Pea
36,9,in
36,10,one
36,11,word
37,0,What
37,1,is
37,2,the
37,3,historical
37,4,significance
37,5,of
37,6,the
37,7,Jerónimos
37,8,Monastery
38,0,What
38,1,is
38,2,the
38,3,significance
38,4,of
38,5,the
38,6,Basilica
38,7,of
38,8,Our
38,9,Lady
38,10,of
38,11,Guadalupe
38,12,in
38,13,Mexican
38,14,culture
39,0,Who
39,1,is
39,2,Mary
39,3,Princess
39,4,Royal
39,5,and
39,6,Countess
39,7,of
39,8,Harewood
40,0,Who
40,1,are
40,2,the
40,3,main
40,4,characters
40,5,in
40,6,the
40,7,movie
40,8,Little
40,9,Women
41,0,Who
41,1,are
41,2,the
41,3,main
41,4,actors
41,5,in
41,6,the
41,7,movie
41,8,Miracle
41,9,in
41,10,Cell
41,11,No
41,12,7
42,0,How
42,1,can
42,2,Welsh
42,3,onions
42,4,be
42,5,grown
42,6,and
42,7,harvested
42,8,in
42,9,home
42,10,gardens
43,0,What
43,1,is
43,2,the
43,3,genre
43,4,of
43,5,A
43,6,City
43,7,of
43,8,Sadness
44,0,How
44,1,would
44,2,you
44,3,describe
44,4,The
44,5,Princess
44,6,and
44,7,the
44,8,Pea
44,9,in
44,10,one
44,11,word
45,0,What
45,1,type
45,2,of
45,3,hill
45,4,is
45,5,Batu
45,6,Caves
45,7,made
45,8,of
46,0,Where
46,1,can
46,2,you
46,3,watch
46,4,the
46,5,TV
46,6,series
46,7,The
46,8,Santa
46,9,Clauses
47,0,Is
47,1,the
47,2,St
47,3,Matthew
47,4,Passion
47,5,a
47,6,sacred
47,7,oratorio
48,0,What
48,1,was
48,2,the
48,3,premise
48,4,of
48,5,the
48,6,TV
48,7,series
48,8,Family
48,9,Matters
49,0,What
49,1,instrument
49,2,is
49,3,the
49,4,suite
49,5,Pictures
49,6,at
49,7,an
49,8,Exhibition
49,9,written
49,10,for
50,0,What
50,1,is
50,2,the
50,3,genre
50,4,of
50,5,Gulliver's
50,6,Travels
51,0,Which
51,1,famous
51,2,catchphrase
51,3,is
51,4,associated
51,5,with
51,6,the
51,7,Simpson
51,8,family
52,0,According
52,1,to
52,2,the
52,3,Rabbins
52,4,what
52,5,could
52,6,Solomon
52,7,learn
52,8,from
52,9,the
52,10,Seal
52,11,of
52,12,Solomon
53,0,How
53,1,tall
53,2,is
53,3,the
53,4,Ostankino
53,5,Tower
53,6,in
53,7,Moscow
54,0,Can
54,1,you
54,2,provide
54,3,a
54,4,brief
54,5,summary
54,6,of
54,7,the
54,8,movie
54,9,The
54,10,Mask
54,11,of
54,12,Zorro
55,0,In
55,1,which
55,2,country
55,3,did
55,4,the
55,5,events
55,6,of
55,7,Planet
55,8,of
55,9,the
55,10,Apes
55,11,take
55,12,place
56,0,Where
56,1,is
56,2,Viktor
56,3,Yushchenko
56,4,from
57,0,What
57,1,genre
57,2,does
57,3,The
57,4,Invisible
57,5,Man
57,6,belong
57,7,to
58,0,Who
58,1,eventually
58,2,ended
58,3,up
58,4,with
58,5,the
58,6,Apple
58,7,of
58,8,Discord
58,9,and
58,10,why
59,0,Who
59,1,is
59,2,Mary
59,3,Princess
59,4,Royal
59,5,and
59,6,Countess
59,7,of
59,8,Harewood
60,0,What
60,1,is
60,2,the
60,3,genre
60,4,of
60,5,The
60,6,War
60,7,of
60,8,the
60,9,Worlds
61,0,Who
61,1,are
61,2,the
61,3,main
61,4,actors
61,5,in
61,6,the
61,7,movie
61,8,Miracle
61,9,in
61,10,Cell
61,11,No
61,12,7
62,0,What
62,1,is
62,2,the
62,3,genre
62,4,of
62,5,Gulliver's
62,6,Travels
63,0,How
63,1,long
63,2,was
63,3,Mary
63,4,of
63,5,Burgundy
63,6,married
63,7,to
63,8,Emperor
63,9,Maximilian
63,10,I
64,0,Who
64,1,were
64,2,the
64,3,main
64,4,composers
64,5,of
64,6,medieval
64,7,music
65,0,In
65,1,which
65,2,industry
65,3,does
65,4,Seishiro
65,5,Kato
65,6,work
66,0,What
66,1,genre
66,2,does
66,3,The
66,4,Invisible
66,5,Man
66,6,belong
66,7,to
67,0,Name
67,1,one
67,2,famous
67,3,scene
67,4,from
67,5,The
67,6,Tragical
67,7,History
67,8,of
67,9,Doctor
67,10,Faustus
68,0,What
68,1,is
68,2,the
68,3,main
68,4,theme
68,5,of
68,6,The
68,7,Lion
68,8,in
68,9,Winter
69,0,Which
69,1,religious
69,2,denomination
69,3,is
69,4,Saint
69,5,Catherine
69,6,Monastery
69,7,associated
69,8,with
70,0,Who
70,1,was
70,2,the
70,3,creator
70,4,of
70,5,the
70,6,TV
70,7,series
70,8,Family
70,9,Affair
71,0,Can
71,1,baker's
71,2,yeast
71,3,be
71,4,used
71,5,in
71,6,gluten-free
71,7,baking
72,0,What
72,1,are
72,2,the
72,3,prefixes
72,4,in
72,5,the
72,6,International
72,7,System
72,8,of
72,9,Units
72,10,and
72,11,their
72,12,symbols
73,0,Who
73,1,built
73,2,Hassan
73,3,Tower
74,0,Which
74,1,famous
74,2,catchphrase
74,3,is
74,4,associated
74,5,with
74,6,the
74,7,Simpson
74,8,family
75,0,What
75,1,was
75,2,the
75,3,premise
75,4,of
75,5,the
75,6,TV
75,7,series
75,8,Family
75,9,Matters
76,0,Can
76,1,you
76,2,provide
76,3,a
76,4,brief
76,5,description
76,6,of
76,7,The
76,8,Neverending
76,9,Story
77,0,How
77,1,do
77,2,you
77,3,eat
77,4,a
77,5,flat
77,6,peach
78,0,Can
78,1,you
78,2,sing
78,3,the
78,4,chorus
78,5,of
78,6,the
78,7,folk
78,8,song
78,9,Ring
78,10,a
78,11,Ring
78,12,o'
78,13,Roses
79,0,How
79,1,would
79,2,you
79,3,describe
79,4,The
79,5,Princess
79,6,and
79,7,the
79,8,Pea
79,9,in
79,10,one
79,11,word
80,0,How
80,1,long
80,2,does
80,3,it
80,4,take
80,5,for
80,6,a
80,7,sunflower
80,8,seed
80,9,to
80,10,grow
80,11,into
80,12,a
80,13,mature
80,14,sunflower
81,0,What
81,1,type
81,2,of
81,3,artwork
81,4,is
81,5,Far
81,6,from
81,7,the
81,8,Madding
81,9,Crowd
82,0,How
82,1,many
82,2,seasons
82,3,of
82,4,Hogan's
82,5,Heroes
82,6,were
82,7,produced
83,0,What
83,1,is
83,2,the
83,3,genre
83,4,of
83,5,The
83,6,War
83,7,of
83,8,the
83,9,Worlds
84,0,What
84,1,is
84,2,the
84,3,nickname
84,4,commonly
84,5,used
84,6,for
84,7,Harmandir
84,8,Sahib
85,0,Who
85,1,plays
85,2,the
85,3,lead
85,4,role
85,5,in
85,6,Queen
85,7,of
85,8,the
85,9,Damned
86,0,Who
86,1,are
86,2,some
86,3,prominent
86,4,artists
86,5,or
86,6,photographers
86,7,associated
86,8,with
86,9,the
86,10,attribution-debated
86,11,macaque
86,12,photos
87,0,Who
87,1,played
87,2,the
87,3,titular
87,4,character
87,5,in
87,6,the
87,7,film
87,8,The
87,9,Man
87,10,in
87,11,the
87,12,Iron
87,13,Mask
88,0,What
88,1,type
88,2,of
88,3,space
88,4,station
88,5,is
88,6,the
88,7,Death
88,8,Star
88,9,in
88,10,Star
88,11,Wars
89,0,What
89,1,type
89,2,of
89,3,artwork
89,4,is
89,5,Do
89,6,Androids
89,7,Dream
89,8,of
89,9,Electric
89,10,Sheep?
90,0,What
90,1,temperature
90,2,is
90,3,best
90,4,for
90,5,serving
90,6,white
90,7,wine
91,0,Who
91,1,eventually
91,2,ended
91,3,up
91,4,with
91,5,the
91,6,Apple
91,7,of
91,8,Discord
91,9,and
91,10,why
92,0,Where
92,1,is
92,2,Viktor
92,3,Yushchenko
92,4,from
93,0,Can
93,1,you
93,2,explain
93,3,the
93,4,historical
93,5,origins
93,6,of
93,7,the
93,8,coat
93,9,of
93,10,arms
93,11,of
93,12,Spain
94,0,What
94,1,were
94,2,the
94,3,responsibilities
94,4,of
94,5,Anatoly
94,6,Dyatlov
94,7,as
94,8,the
94,9,deputy
94,10,chief-engineer
94,11,at
94,12,the
94,13,Chernobyl
94,14,Nuclear
94,15,Power
94,16,Plant
95,0,Who
95,1,was
95,2,the
95,3,creator
95,4,of
95,5,the
95,6,TV
95,7,series
95,8,Family
95,9,Affair
96,0,How
96,1,would
96,2,you
96,3,describe
96,4,the
96,5,genre
96,6,of
96,7,the
96,8,book
96,9,A
96,10,Room
96,11,of
96,12,One's
96,13,Own
97,0,What
97,1,was
97,2,the
97,3,premise
97,4,of
97,5,the
97,6,TV
97,7,series
97,8,Family
97,9,Matters
98,0,What
98,1,major
98,2,historical
98,3,events
98,4,have
98,5,taken
98,6,place
98,7,at
98,8,Temple
98,9,Mount
99,0,How
99,1,does
99,2,neem
99,3,oil
99,4,benefit
99,5,the
99,6,body
99,7,when
99,8,consumed
100,0,What
100,1,was
100,2,Varnhem
100,3,Abbey
100,4,originally
100,5,used
100,6,for
101,0,Who
101,1,played
101,2,the
101,3,lead
101,4,role
101,5,in
101,6,The
101,7,Counterfeit
101,8,Killer
102,0,What
102,1,are
102,2,the
102,3,consequences
102,4,of
102,5,the
102,6,executive
102,7,orders
102,8,issued
102,9,in
102,10,Executive
102,11,Orders
103,0,Who
103,1,were
103,2,the
103,3,main
103,4,actors
103,5,in
103,6,the
103,7,film
103,8,Water
103,9,Birds
104,0,What
104,1,is
104,2,the
104,3,length
104,4,of
104,5,Gabriel
104,6,García
104,7,Márquez's
104,8,novella
104,9,No
104,10,One
104,11,Writes
104,12,to
104,13,the
104,14,Colonel
105,0,Can
105,1,visitors
105,2,enter
105,3,the
105,4,Bachelors'
105,5,Mosque
106,0,What
106,1,nationality
106,2,was
106,3,Karl
106,4,George
106,5,Lebrecht
106,6,Prince
106,7,of
106,8,Anhalt-Köthen
107,0,Can
107,1,visitors
107,2,of
107,3,all
107,4,religions
107,5,enter
107,6,the
107,7,Ketchaoua
107,8,Mosque
107,9,in
107,10,Algeria
108,0,What
108,1,is
108,2,the
108,3,subject
108,4,matter
108,5,of
108,6,A
108,7,Flea
108,8,in
108,9,Her
108,10,Ear
109,0,When
109,1,was
109,2,the
109,3,first
109,4,episode
109,5,of
109,6,L/R:
109,7,Licensed
109,8,by
109,9,Royalty
109,10,aired
110,0,Who
110,1,wrote
110,2,the
110,3,screenplay
110,4,for
110,5,the
110,6,movie
110,7,And
110,8,the
110,9,Violins
110,10,Stopped
110,11,Playing
111,0,Who
111,1,is
111,2,the
111,3,artist
111,4,behind
111,5,the
111,6,painting
111,7,named
111,8,Exorcism
111,9,of
111,10,the
111,11,Demons
111,12,at
111,13,Arezzo
112,0,Where
112,1,can
112,2,I
112,3,watch
112,4,episodes
112,5,of
112,6,the
112,7,Baby
112,8,Sitter
112,9,TV
112,10,series
113,0,What
113,1,are
113,2,some
113,3,key
113,4,characteristics
113,5,or
113,6,traits
113,7,of
113,8,Jia
113,9,Jing's
113,10,personality
114,0,When
114,1,was
114,2,The
114,3,Twin
114,4,released
115,0,Can
115,1,you
115,2,provide
115,3,a
115,4,brief
115,5,description
115,6,of
115,7,the
115,8,film
115,9,Lights
115,10,and
115,11,Shadows
116,0,Who
116,1,created
116,2,the
116,3,TV
116,4,series
116,5,Percy
116,6,the
116,7,Park
116,8,Keeper
117,0,Where
117,1,can
117,2,you
117,3,typically
117,4,find
117,5,productions
117,6,of
117,7,The
117,8,Homecoming
117,9,theater
117,10,play
118,0,What
118,1,religious
118,2,denomination
118,3,is
118,4,associated
118,5,with
118,6,the
118,7,Monastery
118,8,of
118,9,Saint
118,10,Euthymius
119,0,When
119,1,was
119,2,the
119,3,TV
119,4,series
119,5,Pat
119,6,the
119,7,Dog
119,8,first
119,9,aired
120,0,How
120,1,is
120,2,Yu
120,3,the
120,4,Great
120,5,remembered
120,6,and
120,7,honored
120,8,in
120,9,Chinese
120,10,history
120,11,and
120,12,culture
120,13,today
121,0,What
121,1,type
121,2,of
121,3,hill
121,4,is
121,5,Batu
121,6,Caves
121,7,made
121,8,of
122,0,Who
122,1,are
122,2,the
122,3,main
122,4,antagonistic
122,5,forces
122,6,in
122,7,the
122,8,World
122,9,of
122,10,Ice
122,11,and
122,12,Fire
123,0,What
123,1,is
123,2,the
123,3,main
123,4,theme
123,5,of
123,6,The
123,7,Lion
123,8,in
123,9,Winter
124,0,Who
124,1,is
124,2,the
124,3,author
124,4,of
124,5,the
124,6,science
124,7,fiction
124,8,mystery-thriller
124,9,novel
124,10,called
124,11,The
124,12,Peripheral
125,0,How
125,1,tall
125,2,is
125,3,Saint
125,4,Sophia
125,5,Cathedral
125,6,in
125,7,Kyiv
126,0,What
126,1,is
126,2,the
126,3,setting
126,4,of
126,5,the
126,6,Sweet
126,7,Magnolias
126,8,TV
126,9,series
127,0,Are
127,1,there
127,2,any
127,3,potential
127,4,allergy
127,5,risks
127,6,associated
127,7,with
127,8,consuming
127,9,egg
127,10,whites
128,0,Who
128,1,plays
128,2,the
128,3,lead
128,4,role
128,5,in
128,6,Queen
128,7,of
128,8,the
128,9,Damned
129,0,Which
129,1,composer
129,2,composed
129,3,Symphony
129,4,No
129,5,9
130,0,Who
130,1,designed
130,2,Tokyo
130,3,Tower
131,0,How
131,1,tall
131,2,is
131,3,the
131,4,Ostankino
131,5,Tower
131,6,in
131,7,Moscow
132,0,Can
132,1,you
132,2,sing
132,3,the
132,4,chorus
132,5,of
132,6,the
132,7,folk
132,8,song
132,9,Ring
132,10,a
132,11,Ring
132,12,o'
132,13,Roses
133,0,Who
133,1,choreographed
133,2,the
133,3,original
133,4,1910
133,5,ballet
133,6,of
133,7,The
133,8,Firebird
134,0,Name
134,1,one
134,2,famous
134,3,scene
134,4,from
134,5,The
134,6,Tragical
134,7,History
134,8,of
134,9,Doctor
134,10,Faustus
135,0,How
135,1,long
135,2,was
135,3,Mary
135,4,of
135,5,Burgundy
135,6,married
135,7,to
135,8,Emperor
135,9,Maximilian
135,10,I
136,0,In
136,1,which
136,2,industry
136,3,does
136,4,Seishiro
136,5,Kato
136,6,work
137,0,How
137,1,does
137,2,neem
137,3,oil
137,4,benefit
137,5,the
137,6,body
137,7,when
137,8,consumed
138,0,When
138,1,was
138,2,the
138,3,first
138,4,episode
138,5,of
138,6,Stuck
138,7,in
138,8,the
138,9,Middle
138,10,aired
139,0,What
139,1,is
139,2,the
139,3,symbol
139,4,of
139,5,the
139,6,Galactic
139,7,Empire
139,8,in
139,9,the
139,10,Star
139,11,Wars
139,12,universe
140,0,Can
140,1,rolled
140,2,oats
140,3,be
140,4,used
140,5,in
140,6,baking
141,0,Who
141,1,is
141,2,directing
141,3,the
141,4,upcoming
141,5,film
141,6,The
141,7,Hunger
141,8,Games:
141,9,The
141,10,Ballad
141,11,of
141,12,Songbirds
141,13,and
141,14,Snakes
142,0,What
142,1,religious
142,2,texts
142,3,mention
142,4,the
142,5,Cavern
142,6,of
142,7,the
142,8,Patriarchs
143,0,How
143,1,many
143,2,seasons
143,3,of
143,4,Hogan's
143,5,Heroes
143,6,were
143,7,produced
144,0,When
144,1,was
144,2,Stairway
144,3,to
144,4,Heaven
144,5,first
144,6,aired
144,7,on
144,8,television
145,0,How
145,1,many
145,2,chapters
145,3,are
145,4,in
145,5,the
145,6,Book
145,7,of
145,8,the
145,9,Dead
146,0,What
146,1,is
146,2,the
146,3,genre
146,4,of
146,5,The
146,6,War
146,7,of
146,8,the
146,9,Worlds
147,0,What
147,1,was
147,2,the
147,3,premise
147,4,of
147,5,the
147,6,TV
147,7,series
147,8,Family
147,9,Matters
148,0,Who
148,1,composed
148,2,March
148,3,of
148,4,the
148,5,Volunteers
149,0,How
149,1,many
149,2,people
149,3,can
149,4,the
149,5,Prophet's
149,6,Mosque
149,7,accommodate
150,0,Who
150,1,are
150,2,the
150,3,main
150,4,actors
150,5,in
150,6,the
150,7,movie
150,8,Miracle
150,9,in
150,10,Cell
150,11,No
150,12,7
151,0,Who
151,1,were
151,2,the
151,3,main
151,4,actors
151,5,in
151,6,As
151,7,Good
151,8,as
151,9,It
151,10,Gets
152,0,Were
152,1,there
152,2,any
152,3,rumors
152,4,or
152,5,controversies
152,6,surrounding
152,7,The
152,8,Turk's
152,9,ability
152,10,to
152,11,play
152,12,chess
153,0,What
153,1,is
153,2,the
153,3,setting
153,4,of
153,5,the
153,6,Pride
153,7,and
153,8,Prejudice
153,9,TV
153,10,series
154,0,Can
154,1,baker's
154,2,yeast
154,3,be
154,4,used
154,5,in
154,6,gluten-free
154,7,baking
155,0,When
155,1,was
155,2,Symphony
155,3,No
155,4,5
155,5,first
155,6,performed
156,0,Can
156,1,you
156,2,provide
156,3,a
156,4,brief
156,5,summary
156,6,of
156,7,the
156,8,movie
156,9,The
156,10,Mask
156,11,of
156,12,Zorro
157,0,What
157,1,type
157,2,of
157,3,space
157,4,station
157,5,is
157,6,the
157,7,Death
157,8,Star
157,9,in
157,10,Star
157,11,Wars
158,0,Can
158,1,you
158,2,provide
158,3,a
158,4,brief
158,5,description
158,6,of
158,7,Fawzia
158,8,Fuad's
158,9,royal
158,10,lineage
159,0,What
159,1,were
159,2,the
159,3,responsibilities
159,4,of
159,5,Anatoly
159,6,Dyatlov
159,7,as
159,8,the
159,9,deputy
159,10,chief-engineer
159,11,at
159,12,the
159,13,Chernobyl
159,14,Nuclear
159,15,Power
159,16,Plant
160,0,Who
160,1,was
160,2,Princess
160,3,Cecilie
160,4,of
160,5,Greece
160,6,and
160,7,Denmark
161,0,What
161,1,is
161,2,the
161,3,symbol
161,4,of
161,5,human
161,6,freedom
161,7,in
161,8,the
161,9,fictional
161,10,religion
161,11,of
161,12,LaVeyan
161,13,Satanism
162,0,Who
162,1,are
162,2,some
162,3,of
162,4,the
162,5,main
162,6,characters
162,7,in
162,8,Never
162,9,Say
162,10,Never
162,11,Again
163,0,What
163,1,major
163,2,historical
163,3,events
163,4,have
163,5,taken
163,6,place
163,7,at
163,8,Temple
163,9,Mount
164,0,How
164,1,can
164,2,you
164,3,tell
164,4,if
164,5,an
164,6,egg
164,7,yolk
164,8,is
164,9,fresh
165,0,What
165,1,is
165,2,Vasily
165,3,Blyukher
165,4,most
165,5,known
165,6,for
165,7,in
165,8,his
165,9,military
165,10,service
166,0,What
166,1,is
166,2,the
166,3,genre
166,4,of
166,5,The
166,6,Call
166,7,of
166,8,Cthulhu
167,0,How
167,1,long
167,2,does
167,3,it
167,4,take
167,5,for
167,6,a
167,7,sunflower
167,8,seed
167,9,to
167,10,grow
167,11,into
167,12,a
167,13,mature
167,14,sunflower
168,0,Can
168,1,you
168,2,name
168,3,any
168,4,of
168,5,the
168,6,memorable
168,7,destinations
168,8,visited
168,9,in
168,10,the
168,11,novel
168,12,Around
168,13,the
168,14,World
168,15,in
168,16,Eighty
168,17,Days
169,0,How
169,1,tall
169,2,is
169,3,Saint
169,4,Sophia
169,5,Cathedral
169,6,in
169,7,Kyiv
170,0,Who
170,1,are
170,2,the
170,3,main
170,4,characters
170,5,in
170,6,Pokémon
170,7,Horizons:
170,8,The
170,9,Series
171,0,Who
171,1,is
171,2,directing
171,3,the
171,4,upcoming
171,5,film
171,6,The
171,7,Hunger
171,8,Games:
171,9,The
171,10,Ballad
171,11,of
171,12,Songbirds
171,13,and
171,14,Snakes
172,0,Can
172,1,white
172,2,chocolate
172,3,be
172,4,used
172,5,in
172,6,baking
172,7,and
172,8,desserts
173,0,What
173,1,type
173,2,of
173,3,hill
173,4,is
173,5,Batu
173,6,Caves
173,7,made
173,8,of
174,0,What
174,1,is
174,2,the
174,3,significance
174,4,of
174,5,the
174,6,Mausoleum
174,7,of
174,8,the
174,9,First
174,10,Qin
174,11,Emperor
175,0,What
175,1,instrument
175,2,is
175,3,the
175,4,suite
175,5,Pictures
175,6,at
175,7,an
175,8,Exhibition
175,9,written
175,10,for
176,0,Under
176,1,whose
176,2,rule
176,3,was
176,4,the
176,5,Salic
176,6,law
176,7,enforced
177,0,What
177,1,genre
177,2,does
177,3,The
177,4,Invisible
177,5,Man
177,6,belong
177,7,to
178,0,When
178,1,was
178,2,Symphony
178,3,No
178,4,5
178,5,first
178,6,performed
179,0,Who
179,1,were
179,2,the
179,3,main
179,4,actors
179,5,in
179,6,As
179,7,Good
179,8,as
179,9,It
179,10,Gets
180,0,How
180,1,tall
180,2,is
180,3,Saint
180,4,Sophia
180,5,Cathedral
180,6,in
180,7,Kyiv
181,0,How
181,1,long
181,2,was
181,3,Mary
181,4,of
181,5,Burgundy
181,6,married
181,7,to
181,8,Emperor
181,9,Maximilian
181,10,I
182,0,What
182,1,is
182,2,the
182,3,genre
182,4,of
182,5,The
182,6,War
182,7,of
182,8,the
182,9,Worlds
183,0,Where
183,1,is
183,2,Viktor
183,3,Yushchenko
183,4,from
184,0,What
184,1,was
184,2,the
184,3,original
184,4,purpose
184,5,of
184,6,the
184,7,Cathedral
184,8,of
184,9,Christ
184,10,the
184,11,Saviour
185,0,What
185,1,is
185,2,the
185,3,genre
185,4,of
185,5,A
185,6,City
185,7,of
185,8,Sadness
186,0,How
186,1,can
186,2,Welsh
186,3,onions
186,4,be
186,5,grown
186,6,and
186,7,harvested
186,8,in
186,9,home
186,10,gardens
187,0,What
187,1,type
187,2,of
187,3,entity
187,4,is
187,5,the
187,6,Galactic
187,7,Republic
188,0,Can
188,1,baker's
188,2,yeast
188,3,be
188,4,used
188,5,in
188,6,gluten-free
188,7,baking
189,0,How
189,1,does
189,2,neem
189,3,oil
189,4,benefit
189,5,the
189,6,body
189,7,when
189,8,consumed
190,0,What
190,1,type
190,2,of
190,3,artwork
190,4,is
190,5,Do
190,6,Androids
190,7,Dream
190,8,of
190,9,Electric
190,10,Sheep?
191,0,Who
191,1,are
191,2,the
191,3,main
191,4,antagonistic
191,5,forces
191,6,in
191,7,the
191,8,World
191,9,of
191,10,Ice
191,11,and
191,12,Fire
192,0,What
192,1,is
192,2,the
192,3,significance
192,4,of
192,5,the
192,6,Basilica
192,7,of
192,8,Our
192,9,Lady
192,10,of
192,11,Guadalupe
192,12,in
192,13,Mexican
192,14,culture
193,0,Can
193,1,Schrödinger's
193,2,cat
193,3,exist
193,4,in
193,5,both
193,6,live
193,7,and
193,8,dead
193,9,states
193,10,simultaneously
194,0,What
194,1,is
194,2,the
194,3,symbol
194,4,of
194,5,the
194,6,Galactic
194,7,Empire
194,8,in
194,9,the
194,10,Star
194,11,Wars
194,12,universe
195,0,Who
195,1,were
195,2,the
195,3,main
195,4,composers
195,5,of
195,6,medieval
195,7,music
196,0,Who
196,1,was
196,2,Grand
196,3,Duke
196,4,Sergei
196,5,Alexandrovich
196,6,of
196,7,Russia
197,0,Who
197,1,played
197,2,the
197,3,titular
197,4,character
197,5,in
197,6,the
197,7,film
197,8,The
197,9,Man
197,10,in
197,11,the
197,12,Iron
197,13,Mask
198,0,In
198,1,which
198,2,industry
198,3,does
198,4,Seishiro
198,5,Kato
198,6,work
199,0,Which
199,1,religious
199,2,denomination
199,3,is
199,4,Saint
199,5,Catherine
199,6,Monastery
199,7,associated
199,8,with
200,0,Is
200,1,Clockwork
200,2,Prince
200,3,a
200,4,standalone
200,5,novel
200,6,or
200,7,part
200,8,of
200,9,a
200,10,series
201,0,What
201,1,year
201,2,was
201,3,Clockwork
201,4,Prince
201,5,published
202,0,What
202,1,is
202,2,the
202,3,genre
202,4,of
202,5,Clockwork
202,6,Prince
203,0,How
203,1,many
203,2,episodes
203,3,are
203,4,there
203,5,in
203,6,the
203,7,Sherlock
203,8,Hound
203,9,TV
203,10,series
204,0,When
204,1,was
204,2,the
204,3,Sherlock
204,4,Hound
204,5,TV
204,6,series
204,7,released
205,0,What
205,1,is
205,2,the
205,3,genre
205,4,of
205,5,the
205,6,Sherlock
205,7,Hound
205,8,TV
205,9,series
206,0,What
206,1,is
206,2,the
206,3,architecture
206,4,style
206,5,of
206,6,Valaam
206,7,Monastery
207,0,Where
207,1,is
207,2,Valaam
207,3,Monastery
207,4,located
208,0,How
208,1,old
208,2,is
208,3,Valaam
208,4,Monastery
209,0,When
209,1,did
209,2,Son
209,3,Tung
209,4,M-TP
209,5,start
209,6,his
209,7,music
209,8,career
210,0,What
210,1,is
210,2,Son
210,3,Tung
210,4,M-TP
210,5,known
210,6,for
211,0,How
211,1,popular
211,2,is
211,3,Son
211,4,Tung
211,5,M-TP
211,6,in
211,7,Vietnam
212,0,Who
212,1,were
212,2,some
212,3,of
212,4,the
212,5,main
212,6,actors
212,7,in
212,8,the
212,9,movie
212,10,Jolly
212,11,Fellows
213,0,What
213,1,is
213,2,the
213,3,genre
213,4,of
213,5,the
213,6,movie
213,7,Jolly
213,8,Fellows
214,0,When
214,1,was
214,2,the
214,3,movie
214,4,Jolly
214,5,Fellows
214,6,released
215,0,Can
215,1,you
215,2,provide
215,3,the
215,4,lyrics
215,5,to
215,6,Angels
215,7,We
215,8,Have
215,9,Heard
215,10,on
215,11,High
216,0,Who
216,1,composed
216,2,the
216,3,musical
216,4,work
216,5,Angels
216,6,We
216,7,Have
216,8,Heard
216,9,on
216,10,High
217,0,What
217,1,year
217,2,was
217,3,Angels
217,4,We
217,5,Have
217,6,Heard
217,7,on
217,8,High
217,9,first
217,10,recorded
218,0,What
218,1,is
218,2,the
218,3,significance
218,4,of
218,5,the
218,6,colors
218,7,used
218,8,in
218,9,the
218,10,coat
218,11,of
218,12,arms
218,13,of
218,14,São
218,15,Tomé
218,16,and
218,17,Príncipe
219,0,What
219,1,symbols
219,2,are
219,3,featured
219,4,in
219,5,the
219,6,coat
219,7,of
219,8,arms
219,9,of
219,10,São
219,11,Tomé
219,12,and
219,13,Príncipe
220,0,Who
220,1,created
220,2,the
220,3,coat
220,4,of
220,5,arms
220,6,of
220,7,São
220,8,Tomé
220,9,and
220,10,Príncipe
221,0,When
221,1,was
221,2,the
221,3,Mass
221,4,in
221,5,B
221,6,minor
221,7,composed
222,0,Who
222,1,composed
222,2,the
222,3,Mass
222,4,in
222,5,B
222,6,minor
223,0,What
223,1,type
223,2,of
223,3,musical
223,4,work
223,5,is
223,6,the
223,7,Mass
223,8,in
223,9,B
223,10,minor
224,0,What
224,1,is
224,2,the
224,3,significance
224,4,of
224,5,the
224,6,Giza
224,7,Plateau
225,0,Where
225,1,is
225,2,the
225,3,Giza
225,4,Plateau
225,5,located
226,0,Which
226,1,country
226,2,is
226,3,home
226,4,to
226,5,the
226,6,Giza
226,7,Plateau
227,0,How
227,1,many
227,2,elements
227,3,are
227,4,featured
227,5,on
227,6,the
227,7,coat
227,8,of
227,9,arms
227,10,of
227,11,Tonga
228,0,Who
228,1,designed
228,2,the
228,3,coat
228,4,of
228,5,arms
228,6,of
228,7,Tonga
229,0,When
229,1,was
229,2,the
229,3,coat
229,4,of
229,5,arms
229,6,of
229,7,Tonga
229,8,officially
229,9,adopted
230,0,Which
230,1,country
230,2,is
230,3,Salisbury
230,4,Cathedral
230,5,in
231,0,What
231,1,type
231,2,of
231,3,place
231,4,is
231,5,Salisbury
231,6,Cathedral
232,0,What
232,1,is
232,2,the
232,3,denomination
232,4,of
232,5,Salisbury
232,6,Cathedral
233,0,What
233,1,is
233,2,the
233,3,Leaning
233,4,Tower
233,5,of
233,6,Pisa
233,7,famously
233,8,known
233,9,for
234,0,What
234,1,type
234,2,of
234,3,building
234,4,is
234,5,the
234,6,Leaning
234,7,Tower
234,8,of
234,9,Pisa
235,0,Where
235,1,is
235,2,the
235,3,Leaning
235,4,Tower
235,5,of
235,6,Pisa
235,7,situated
235,8,in
235,9,Italy
236,0,What
236,1,type
236,2,of
236,3,artwork
236,4,is
236,5,associated
236,6,with
236,7,The
236,8,Hound
236,9,of
236,10,the
236,11,Baskervilles
237,0,Who
237,1,is
237,2,the
237,3,author
237,4,of
237,5,the
237,6,crime
237,7,novel
237,8,The
237,9,Hound
237,10,of
237,11,the
237,12,Baskervilles
238,0,Can
238,1,you
238,2,provide
238,3,a
238,4,brief
238,5,description
238,6,of
238,7,The
238,8,Hound
238,9,of
238,10,the
238,11,Baskervilles
238,12,by
238,13,Arthur
238,14,Conan
238,15,Doyle
239,0,What
239,1,is
239,2,the
239,3,genre
239,4,of
239,5,the
239,6,movie
239,7,Battle
239,8,for
239,9,the
239,10,Planet
239,11,of
239,12,the
239,13,Apes
240,0,When
240,1,was
240,2,the
240,3,movie
240,4,Battle
240,5,for
240,6,the
240,7,Planet
240,8,of
240,9,the
240,10,Apes
240,11,released
241,0,Who
241,1,is
241,2,the
241,3,main
241,4,character
241,5,in
241,6,Battle
241,7,for
241,8,the
241,9,Planet
241,10,of
241,11,the
241,12,Apes
242,0,How
242,1,long
242,2,has
242,3,the
242,4,Pushkin
242,5,Museum
242,6,of
242,7,Fine
242,8,Arts
242,9,been
242,10,open
243,0,Where
243,1,is
243,2,the
243,3,Pushkin
243,4,Museum
243,5,of
243,6,Fine
243,7,Arts
243,8,located
244,0,What
244,1,type
244,2,of
244,3,art
244,4,can
244,5,be
244,6,found
244,7,at
244,8,the
244,9,Pushkin
244,10,Museum
244,11,of
244,12,Fine
244,13,Arts
245,0,Can
245,1,you
245,2,describe
245,3,the
245,4,role
245,5,of
245,6,the
245,7,Office
245,8,of
245,9,the
245,10,President
245,11,of
245,12,Ukraine
245,13,within
245,14,the
245,15,government
245,16,structure
246,0,Who
246,1,forms
246,2,and
246,3,leads
246,4,the
246,5,Office
246,6,of
246,7,the
246,8,President
246,9,of
246,10,Ukraine
247,0,What
247,1,type
247,2,of
247,3,powers
247,4,does
247,5,the
247,6,Office
247,7,of
247,8,the
247,9,President
247,10,of
247,11,Ukraine
247,12,have
248,0,How
248,1,many
248,2,women
248,3,are
248,4,featured
248,5,in
248,6,the
248,7,film
248,8,All
248,9,These
248,10,Women
249,0,What
249,1,is
249,2,the
249,3,genre
249,4,of
249,5,Ingmar
249,6,Bergman's
249,7,movie
249,8,All
249,9,These
249,10,Women
250,0,When
250,1,was
250,2,the
250,3,movie
250,4,All
250,5,These
250,6,Women
250,7,released
251,0,How
251,1,old
251,2,is
251,3,the
251,4,Muhammad
251,5,Ali
251,6,Mosque
252,0,What
252,1,type
252,2,of
252,3,place
252,4,is
252,5,the
252,6,Muhammad
252,7,Ali
252,8,Mosque
253,0,What
253,1,is
253,2,the
253,3,significance
253,4,of
253,5,the
253,6,Muhammad
253,7,Ali
253,8,Mosque
254,0,Who
254,1,commissioned
254,2,the
254,3,construction
254,4,of
254,5,the
254,6,Bibi-Khanym
254,7,Mosque
255,0,Where
255,1,is
255,2,the
255,3,Bibi-Khanym
255,4,Mosque
255,5,located
256,0,When
256,1,was
256,2,the
256,3,Bibi-Khanym
256,4,Mosque
256,5,built
257,0,How
257,1,does
257,2,the
257,3,Gospel
257,4,of
257,5,Basilides
257,6,fit
257,7,into
257,8,the
257,9,broader
257,10,context
257,11,of
257,12,ancient
257,13,religious
257,14,texts
258,0,Are
258,1,there
258,2,any
258,3,known
258,4,excerpts
258,5,or
258,6,references
258,7,to
258,8,the
258,9,Gospel
258,10,of
258,11,Basilides
258,12,in
258,13,other
258,14,texts
259,0,What
259,1,attempts
259,2,have
259,3,been
259,4,made
259,5,to
259,6,reconstruct
259,7,or
259,8,interpret
259,9,the
259,10,content
259,11,of
259,12,the
259,13,Gospel
259,14,of
259,15,Basilides
260,0,Is
260,1,the
260,2,Terzijski
260,3,Bridge
260,4,a
260,5,cultural
260,6,heritage
260,7,monument
261,0,Where
261,1,is
261,2,the
261,3,Terzijski
261,4,Bridge
261,5,located
262,0,How
262,1,would
262,2,you
262,3,describe
262,4,the
262,5,Terzijski
262,6,Bridge
263,0,What
263,1,can
263,2,corn
263,3,oil
263,4,be
263,5,used
263,6,for
264,0,How
264,1,is
264,2,corn
264,3,oil
264,4,made
265,0,Is
265,1,corn
265,2,oil
265,3,healthy
266,0,How
266,1,is
266,2,the
266,3,Dragon
266,4,King
266,5,depicted
266,6,in
266,7,art
266,8,and
266,9,literature
267,0,What
267,1,is
267,2,the
267,3,Dragon
267,4,King's
267,5,role
267,6,in
267,7,mythology
268,0,Where
268,1,is
268,2,the
268,3,Dragon
268,4,King
268,5,typically
268,6,found
269,0,How
269,1,would
269,2,you
269,3,describe
269,4,the
269,5,plot
269,6,of
269,7,Never
269,8,Let
269,9,Me
269,10,Go
270,0,When
270,1,was
270,2,the
270,3,book
270,4,Never
270,5,Let
270,6,Me
270,7,Go
270,8,published
271,0,What
271,1,is
271,2,the
271,3,genre
271,4,of
271,5,the
271,6,book
271,7,Never
271,8,Let
271,9,Me
271,10,Go
272,0,Who
272,1,were
272,2,the
272,3,main
272,4,actors
272,5,in
272,6,The
272,7,Way
272,8,of
272,9,All
272,10,Flesh
273,0,What
273,1,year
273,2,was
273,3,The
273,4,Way
273,5,of
273,6,All
273,7,Flesh
273,8,released
274,0,How
274,1,would
274,2,you
274,3,describe
274,4,the
274,5,genre
274,6,of
274,7,The
274,8,Way
274,9,of
274,10,All
274,11,Flesh
275,0,Who
275,1,played
275,2,the
275,3,lead
275,4,role
275,5,in
275,6,the
275,7,movie
275,8,Torrente
275,9,the
275,10,dumb
275,11,arm
275,12,of
275,13,the
275,14,law
276,0,What
276,1,year
276,2,was
276,3,the
276,4,movie
276,5,Torrente
276,6,the
276,7,dumb
276,8,arm
276,9,of
276,10,the
276,11,law
276,12,released
277,0,What
277,1,is
277,2,the
277,3,genre
277,4,of
277,5,the
277,6,movie
277,7,Torrente
277,8,the
277,9,dumb
277,10,arm
277,11,of
277,12,the
277,13,law
278,0,What
278,1,is
278,2,the
278,3,significance
278,4,of
278,5,the
278,6,Porcelain
278,7,Tower
278,8,of
278,9,Nanjing
278,10,in
278,11,relation
278,12,to
278,13,the
278,14,Great
278,15,Bao'en
278,16,Temple
279,0,When
279,1,was
279,2,the
279,3,Porcelain
279,4,Tower
279,5,of
279,6,Nanjing
279,7,constructed
280,0,In
280,1,which
280,2,dynasty
280,3,was
280,4,the
280,5,Porcelain
280,6,Tower
280,7,of
280,8,Nanjing
280,9,built
281,0,When
281,1,was
281,2,The
281,3,Bluest
281,4,Eye
281,5,first
281,6,published
282,0,Who
282,1,is
282,2,the
282,3,author
282,4,of
282,5,the
282,6,novel
282,7,The
282,8,Bluest
282,9,Eye
283,0,What
283,1,is
283,2,the
283,3,main
283,4,theme
283,5,explored
283,6,in
283,7,The
283,8,Bluest
283,9,Eye
284,0,What
284,1,is
284,2,the
284,3,main
284,4,theme
284,5,of
284,6,The
284,7,Doors
284,8,of
284,9,Perception
285,0,Who
285,1,is
285,2,the
285,3,author
285,4,of
285,5,the
285,6,book
285,7,The
285,8,Doors
285,9,of
285,10,Perception
286,0,Is
286,1,The
286,2,Doors
286,3,of
286,4,Perception
286,5,considered
286,6,a
286,7,work
286,8,of
286,9,art
287,0,What
287,1,is
287,2,the
287,3,plot
287,4,of
287,5,Kapıcılar
287,6,Kralı
288,0,What
288,1,is
288,2,the
288,3,genre
288,4,of
288,5,the
288,6,movie
288,7,Kapıcılar
288,8,Kralı
289,0,When
289,1,was
289,2,the
289,3,movie
289,4,Kapıcılar
289,5,Kralı
289,6,released
290,0,When
290,1,was
290,2,Tico
290,3,of
290,4,the
290,5,Seven
290,6,Seas
290,7,first
290,8,aired
291,0,Who
291,1,are
291,2,the
291,3,main
291,4,characters
291,5,in
291,6,Tico
291,7,of
291,8,the
291,9,Seven
291,10,Seas
292,0,How
292,1,many
292,2,episodes
292,3,are
292,4,there
292,5,in
292,6,Tico
292,7,of
292,8,the
292,9,Seven
292,10,Seas
293,0,Are
293,1,there
293,2,any
293,3,specific
293,4,rules
293,5,or
293,6,dress
293,7,code
293,8,to
293,9,be
293,10,followed
293,11,when
293,12,visiting
293,13,King
293,14,Abdullah
293,15,I
293,16,Mosque
294,0,How
294,1,would
294,2,you
294,3,describe
294,4,the
294,5,architectural
294,6,style
294,7,of
294,8,King
294,9,Abdullah
294,10,I
294,11,Mosque
295,0,Can
295,1,visitors
295,2,of
295,3,all
295,4,religious
295,5,backgrounds
295,6,enter
295,7,King
295,8,Abdullah
295,9,I
295,10,Mosque
296,0,What
296,1,was
296,2,Marie
296,3,Louise
296,4,I
296,5,Duchess
296,6,of
296,7,Parma's
296,8,title
296,9,before
296,10,she
296,11,became
296,12,Empress
296,13,of
296,14,France
297,0,What
297,1,was
297,2,Marie
297,3,Louise
297,4,I
297,5,Duchess
297,6,of
297,7,Parma's
297,8,role
297,9,as
297,10,Empress
297,11,of
297,12,France
298,0,When
298,1,did
298,2,Marie
298,3,Louise
298,4,I
298,5,Duchess
298,6,of
298,7,Parma
298,8,reign
298,9,as
298,10,Empress
298,11,of
298,12,France
299,0,How
299,1,would
299,2,you
299,3,describe
299,4,the
299,5,plot
299,6,of
299,7,The
299,8,World
299,9,in
299,10,His
299,11,Arms
300,0,What
300,1,year
300,2,was
300,3,The
300,4,World
300,5,in
300,6,His
300,7,Arms
300,8,released
301,0,What
301,1,type
301,2,of
301,3,film
301,4,is
301,5,The
301,6,World
301,7,in
301,8,His
301,9,Arms
302,0,How
302,1,would
302,2,you
302,3,describe
302,4,The
302,5,Rape
302,6,of
302,7,the
302,8,Lock
302,9,in
302,10,one
302,11,word
303,0,Who
303,1,is
303,2,the
303,3,author
303,4,of
303,5,The
303,6,Rape
303,7,of
303,8,the
303,9,Lock
304,0,What
304,1,type
304,2,of
304,3,artwork
304,4,is
304,5,The
304,6,Rape
304,7,of
304,8,the
304,9,Lock
305,0,How
305,1,would
305,2,you
305,3,describe
305,4,Serrabone
305,5,Priory
306,0,What
306,1,type
306,2,of
306,3,place
306,4,is
306,5,Serrabone
306,6,Priory
307,0,What
307,1,architectural
307,2,style
307,3,is
307,4,Church
307,5,of
307,6,the
307,7,Ascension
307,8,Kolomenskoye
307,9,built
307,10,in
308,0,How
308,1,old
308,2,is
308,3,Church
308,4,of
308,5,the
308,6,Ascension
308,7,Kolomenskoye
309,0,Can
309,1,visitors
309,2,go
309,3,inside
309,4,Church
309,5,of
309,6,the
309,7,Ascension
309,8,Kolomenskoye
310,0,What
310,1,is
310,2,Android
310,3,18's
310,4,relationship
310,5,with
310,6,Krillin
310,7,in
310,8,Dragon
310,9,Ball
311,0,What
311,1,are
311,2,Android
311,3,18's
311,4,special
311,5,abilities
311,6,and
311,7,powers
312,0,Who
312,1,did
312,2,Android
312,3,18
312,4,initially
312,5,serve
312,6,in
312,7,Dragon
312,8,Ball
313,0,Describe
313,1,the
313,2,song
313,3,White
313,4,Army
313,5,Black
313,6,Baron
313,7,in
313,8,one
313,9,sentence
314,0,What
314,1,is
314,2,the
314,3,subject
314,4,and
314,5,type
314,6,of
314,7,the
314,8,musical
314,9,work
314,10,White
314,11,Army
314,12,Black
314,13,Baron
315,0,Which
315,1,ensemble
315,2,performs
315,3,the
315,4,song
315,5,White
315,6,Army
315,7,Black
315,8,Baron
316,0,In
316,1,which
316,2,navies
316,3,did
316,4,Prince
316,5,Pierre
316,6,Duke
316,7,of
316,8,Penthièvre
316,9,serve
316,10,as
316,11,an
316,12,officer
317,0,What
317,1,was
317,2,the
317,3,primary
317,4,occupation
317,5,of
317,6,Prince
317,7,Pierre
317,8,Duke
317,9,of
317,10,Penthièvre
318,0,Was
318,1,Prince
318,2,Pierre
318,3,Duke
318,4,of
318,5,Penthièvre
318,6,known
318,7,for
318,8,his
318,9,travels
318,10,around
318,11,the
318,12,world
319,0,In
319,1,which
319,2,Dr
319,3,Seuss
319,4,stories
319,5,does
319,6,Horton
319,7,the
319,8,Elephant
319,9,appear
320,0,Can
320,1,you
320,2,provide
320,3,a
320,4,brief
320,5,description
320,6,of
320,7,Blind
320,8,Faith
321,0,What
321,1,type
321,2,of
321,3,media
321,4,is
321,5,Blind
321,6,Faith
322,0,When
322,1,was
322,2,Blind
322,3,Faith
322,4,released
323,0,Which
323,1,country
323,2,was
323,3,Andrey
323,4,Myagkov
323,5,from
324,0,What
324,1,is
324,2,Andrey
324,3,Myagkov
324,4,known
324,5,for
325,0,What
325,1,were
325,2,the
325,3,years
325,4,of
325,5,Andrey
325,6,Myagkov's
325,7,acting
325,8,career
326,0,In
326,1,what
326,2,ways
326,3,does
326,4,the
326,5,oak
326,6,leaf
326,7,cluster
326,8,contribute
326,9,to
326,10,the
326,11,visual
326,12,aesthetics
326,13,of
326,14,artwork
326,15,particularly
326,16,in
326,17,the
326,18,field
326,19,of
326,20,heraldry
327,0,How
327,1,does
327,2,an
327,3,oak
327,4,leaf
327,5,cluster
327,6,play
327,7,a
327,8,role
327,9,in
327,10,heraldry
327,11,and
327,12,represent
327,13,certain
327,14,achievements
327,15,or
327,16,honors
328,0,Can
328,1,you
328,2,explain
328,3,the
328,4,significance
328,5,of
328,6,the
328,7,oak
328,8,leaf
328,9,cluster
328,10,as
328,11,a
328,12,figure
328,13,in
328,14,military
328,15,awards
328,16,and
328,17,decorations
329,0,Which
329,1,river
329,2,does
329,3,the
329,4,Rostokino
329,5,Aqueduct
329,6,cross
330,0,Where
330,1,is
330,2,the
330,3,Rostokino
330,4,Aqueduct
330,5,located
331,0,What
331,1,is
331,2,the
331,3,Rostokino
331,4,Aqueduct
331,5,made
331,6,of
332,0,Where
332,1,is
332,2,the
332,3,headquarters
332,4,of
332,5,the
332,6,Legion
332,7,of
332,8,Monsters
332,9,located
333,0,What
333,1,powers
333,2,do
333,3,the
333,4,Legion
333,5,of
333,6,Monsters
333,7,possess
334,0,When
334,1,was
334,2,the
334,3,Legion
334,4,of
334,5,Monsters
334,6,first
334,7,introduced
334,8,in
334,9,comic
334,10,books
335,0,What
335,1,are
335,2,the
335,3,benefits
335,4,of
335,5,incorporating
335,6,green
335,7,chemistry
335,8,practices
335,9,in
335,10,industries
336,0,How
336,1,does
336,2,green
336,3,chemistry
336,4,minimize
336,5,the
336,6,use
336,7,of
336,8,hazardous
336,9,substances
337,0,Can
337,1,you
337,2,give
337,3,an
337,4,example
337,5,of
337,6,a
337,7,green
337,8,chemistry
337,9,innovation
338,0,How
338,1,many
338,2,musketeers
338,3,are
338,4,featured
338,5,in
338,6,the
338,7,1978
338,8,TV
338,9,series
338,10,D'Artagnan
338,11,and
338,12,Three
338,13,Musketeers
339,0,When
339,1,was
339,2,the
339,3,1978
339,4,TV
339,5,series
339,6,D'Artagnan
339,7,and
339,8,Three
339,9,Musketeers
339,10,released
340,0,Can
340,1,you
340,2,name
340,3,a
340,4,director
340,5,of
340,6,the
340,7,1978
340,8,TV
340,9,series
340,10,D'Artagnan
340,11,and
340,12,Three
340,13,Musketeers
341,0,Where
341,1,can
341,2,I
341,3,watch
341,4,episodes
341,5,of
341,6,You
341,7,Are
341,8,the
341,9,One
341,10,online
342,0,What
342,1,is
342,2,the
342,3,storyline
342,4,of
342,5,the
342,6,Argentine
342,7,telenovela
342,8,You
342,9,Are
342,10,the
342,11,One
343,0,When
343,1,did
343,2,the
343,3,TV
343,4,series
343,5,You
343,6,Are
343,7,the
343,8,One
343,9,first
343,10,air
343,11,in
343,12,Argentina
344,0,What
344,1,is
344,2,the
344,3,purpose
344,4,of
344,5,the
344,6,Strahov
344,7,Monastery
345,0,Where
345,1,is
345,2,the
345,3,Strahov
345,4,Monastery
345,5,located
346,0,What
346,1,type
346,2,of
346,3,place
346,4,is
346,5,the
346,6,Strahov
346,7,Monastery
347,0,How
347,1,many
347,2,seasons
347,3,of
347,4,The
347,5,Tiger
347,6,Brigades
347,7,have
347,8,been
347,9,released
348,0,Who
348,1,are
348,2,the
348,3,main
348,4,characters
348,5,in
348,6,The
348,7,Tiger
348,8,Brigades
349,0,Where
349,1,is
349,2,The
349,3,Tiger
349,4,Brigades
349,5,TV
349,6,series
349,7,set
350,0,How
350,1,long
350,2,does
350,3,it
350,4,take
350,5,for
350,6,a
350,7,sunflower
350,8,seed
350,9,to
350,10,grow
350,11,into
350,12,a
350,13,mature
350,14,sunflower
351,0,What
351,1,nutrients
351,2,are
351,3,found
351,4,in
351,5,sunflower
351,6,seeds
352,0,Do
352,1,sunflower
352,2,seeds
352,3,have
352,4,any
352,5,health
352,6,benefits
353,0,Can
353,1,you
353,2,find
353,3,national
353,4,history
353,5,exhibits
353,6,at
353,7,the
353,8,State
353,9,Historical
353,10,Museum
354,0,Is
354,1,the
354,2,State
354,3,Historical
354,4,Museum
354,5,located
354,6,in
354,7,Russia
355,0,What
355,1,type
355,2,of
355,3,museum
355,4,is
355,5,the
355,6,State
355,7,Historical
355,8,Museum
356,0,Who
356,1,are
356,2,the
356,3,main
356,4,characters
356,5,in
356,6,The
356,7,Emperor
356,8,and
356,9,the
356,10,Assassin
357,0,When
357,1,was
357,2,The
357,3,Emperor
357,4,and
357,5,the
357,6,Assassin
357,7,released
358,0,What
358,1,is
358,2,the
358,3,genre
358,4,of
358,5,the
358,6,movie
358,7,The
358,8,Emperor
358,9,and
358,10,the
358,11,Assassin
359,0,What
359,1,is
359,2,the
359,3,architectural
359,4,style
359,5,of
359,6,the
359,7,Grand
359,8,Mosque
360,0,What
360,1,is
360,2,the
360,3,Grand
360,4,Mosque
360,5,known
360,6,for
360,7,in
360,8,terms
360,9,of
360,10,religious
360,11,significance
361,0,How
361,1,old
361,2,is
361,3,the
361,4,Grand
361,5,Mosque
361,6,in
361,7,Kuwait
361,8,City
362,0,Is
362,1,chocolate
362,2,liquor
362,3,the
362,4,same
362,5,as
362,6,chocolate
362,7,syrup
363,0,How
363,1,is
363,2,chocolate
363,3,liquor
363,4,typically
363,5,used
363,6,in
363,7,cooking
363,8,and
363,9,baking
364,0,Can
364,1,chocolate
364,2,liquor
364,3,be
364,4,consumed
364,5,as
364,6,is
364,7,without
364,8,any
364,9,further
364,10,processing
365,0,Is
365,1,Conner
365,2,Kent
365,3,a
365,4,fictional
365,5,character
366,0,What
366,1,is
366,2,Conner
366,3,Kent's
366,4,role
366,5,in
366,6,the
366,7,DC
366,8,Comics
366,9,universe
367,0,Is
367,1,Conner
367,2,Kent
367,3,a
367,4,superhero
368,0,When
368,1,was
368,2,the
368,3,current
368,4,coat
368,5,of
368,6,arms
368,7,of
368,8,North
368,9,Macedonia
368,10,adopted
369,0,What
369,1,symbols
369,2,are
369,3,depicted
369,4,on
369,5,the
369,6,coat
369,7,of
369,8,arms
369,9,of
369,10,North
369,11,Macedonia
370,0,Who
370,1,designed
370,2,the
370,3,coat
370,4,of
370,5,arms
370,6,of
370,7,North
370,8,Macedonia
371,0,How
371,1,many
371,2,movements
371,3,are
371,4,there
371,5,in
371,6,the
371,7,Violin
371,8,Concerto
372,0,How
372,1,would
372,2,you
372,3,describe
372,4,the
372,5,musical
372,6,genre
372,7,of
372,8,the
372,9,Violin
372,10,Concerto
373,0,Who
373,1,is
373,2,the
373,3,intended
373,4,soloist
373,5,in
373,6,the
373,7,Violin
373,8,Concerto
374,0,What
374,1,is
374,2,the
374,3,musical
374,4,style
374,5,of
374,6,the
374,7,Lyric
374,8,Pieces
375,0,What
375,1,instrument
375,2,is
375,3,the
375,4,Lyric
375,5,Pieces
375,6,composed
375,7,for
376,0,Can
376,1,you
376,2,name
376,3,one
376,4,famous
376,5,piece
376,6,from
376,7,the
376,8,Lyric
376,9,Pieces
376,10,collection
377,0,How
377,1,many
377,2,seasons
377,3,of
377,4,The
377,5,Adventures
377,6,of
377,7,Paddington
377,8,Bear
377,9,are
377,10,there
378,0,How
378,1,would
378,2,you
378,3,describe
378,4,the
378,5,animation
378,6,style
378,7,of
378,8,The
378,9,Adventures
378,10,of
378,11,Paddington
378,12,Bear
379,0,What
379,1,is
379,2,the
379,3,genre
379,4,of
379,5,the
379,6,The
379,7,Adventures
379,8,of
379,9,Paddington
379,10,Bear
379,11,TV
379,12,series
380,0,Can
380,1,you
380,2,provide
380,3,details
380,4,about
380,5,the
380,6,2004
380,7,movie
380,8,Losing
380,9,is
380,10,a
380,11,matter
380,12,of
380,13,method
381,0,Who
381,1,directed
381,2,the
381,3,2004
381,4,movie
381,5,Losing
381,6,is
381,7,a
381,8,matter
381,9,of
381,10,method
382,0,What
382,1,genre
382,2,does
382,3,the
382,4,2004
382,5,film
382,6,Losing
382,7,is
382,8,a
382,9,matter
382,10,of
382,11,method
382,12,belong
382,13,to
383,0,When
383,1,was
383,2,Symphony
383,3,No
383,4,7
383,5,composed
384,0,Who
384,1,composed
384,2,Symphony
384,3,No
384,4,7
385,0,How
385,1,many
385,2,movements
385,3,are
385,4,there
385,5,in
385,6,Symphony
385,7,No
385,8,7
386,0,What
386,1,is
386,2,the
386,3,genre
386,4,of
386,5,Lord
386,6,of
386,7,the
386,8,Flies
387,0,Who
387,1,is
387,2,the
387,3,author
387,4,of
387,5,Lord
387,6,of
387,7,the
387,8,Flies
388,0,When
388,1,was
388,2,Lord
388,3,of
388,4,the
388,5,Flies
388,6,published
389,0,Who
389,1,can
389,2,visit
389,3,the
389,4,Sinaia
389,5,Monastery
389,6,and
389,7,what
389,8,can
389,9,they
389,10,expect
389,11,to
389,12,see
390,0,How
390,1,would
390,2,you
390,3,describe
390,4,the
390,5,Sinaia
390,6,Monastery
390,7,in
390,8,Prahova
390,9,County
391,0,When
391,1,was
391,2,the
391,3,Sinaia
391,4,Monastery
391,5,built
391,6,and
391,7,why
391,8,is
391,9,it
391,10,considered
391,11,a
391,12,heritage
391,13,site
392,0,When
392,1,was
392,2,Yevgeny
392,3,Mravinsky
392,4,born
392,5,and
392,6,when
392,7,did
392,8,he
392,9,pass
392,10,away
393,0,What
393,1,were
393,2,Yevgeny
393,3,Mravinsky's
393,4,professions
394,0,What
394,1,was
394,2,Yevgeny
394,3,Mravinsky
394,4,known
394,5,for
395,0,Can
395,1,you
395,2,give
395,3,a
395,4,brief
395,5,summary
395,6,of
395,7,Maigret
395,8,on
395,9,the
395,10,Riviera
396,0,Who
396,1,is
396,2,the
396,3,author
396,4,of
396,5,the
396,6,novel
396,7,Maigret
396,8,on
396,9,the
396,10,Riviera
397,0,What
397,1,is
397,2,the
397,3,setting
397,4,of
397,5,the
397,6,novel
397,7,Maigret
397,8,on
397,9,the
397,10,Riviera
398,0,What
398,1,is
398,2,the
398,3,genre
398,4,of
398,5,the
398,6,film
398,7,Maine-Ocean
398,8,Express
399,0,When
399,1,was
399,2,the
399,3,movie
399,4,Maine-Ocean
399,5,Express
399,6,released
400,0,Can
400,1,you
400,2,provide
400,3,a
400,4,brief
400,5,description
400,6,of
400,7,the
400,8,1986
400,9,movie
400,10,Maine-Ocean
400,11,Express
401,0,Who
401,1,is
401,2,the
401,3,director
401,4,of
401,5,the
401,6,1989
401,7,movie
401,8,featuring
401,9,the
401,10,title
401,11,Listen
401,12,to
401,13,Me
402,0,When
402,1,was
402,2,the
402,3,film
402,4,Listen
402,5,to
402,6,Me
402,7,released
403,0,What
403,1,is
403,2,the
403,3,genre
403,4,of
403,5,the
403,6,1989
403,7,film
403,8,Listen
403,9,to
403,10,Me
404,0,What
404,1,genre
404,2,does
404,3,The
404,4,Subtle
404,5,Knife
404,6,belong
404,7,to
405,0,Who
405,1,is
405,2,the
405,3,author
405,4,of
405,5,The
405,6,Subtle
405,7,Knife
406,0,When
406,1,was
406,2,The
406,3,Subtle
406,4,Knife
406,5,released
407,0,Can
407,1,you
407,2,summarize
407,3,the
407,4,plot
407,5,of
407,6,Bugles
407,7,in
407,8,the
407,9,Afternoon
408,0,What
408,1,year
408,2,was
408,3,Bugles
408,4,in
408,5,the
408,6,Afternoon
408,7,released
409,0,How
409,1,would
409,2,you
409,3,describe
409,4,the
409,5,genre
409,6,of
409,7,Bugles
409,8,in
409,9,the
409,10,Afternoon
410,0,Are
410,1,mud
410,2,cookies
410,3,a
410,4,common
410,5,food
410,6,in
410,7,Haiti
411,0,How
411,1,are
411,2,mud
411,3,cookies
411,4,traditionally
411,5,dried
412,0,What
412,1,is
412,2,the
412,3,purpose
412,4,of
412,5,mixing
412,6,dirt
412,7,with
412,8,salt
412,9,and
412,10,fat
412,11,in
412,12,a
412,13,mud
412,14,cookie
413,0,When
413,1,was
413,2,Zinna
413,3,Abbey
413,4,founded
414,0,Where
414,1,is
414,2,Zinna
414,3,Abbey
414,4,located
415,0,Is
415,1,Zinna
415,2,Abbey
415,3,still
415,4,an
415,5,active
415,6,place
415,7,of
415,8,worship
416,0,When
416,1,was
416,2,the
416,3,Kremlin
416,4,Senate
416,5,built
417,0,Where
417,1,is
417,2,the
417,3,Kremlin
417,4,Senate
417,5,located
418,0,How
418,1,would
418,2,you
418,3,describe
418,4,the
418,5,architecture
418,6,of
418,7,the
418,8,Kremlin
418,9,Senate
419,0,When
419,1,was
419,2,the
419,3,TV
419,4,series
419,5,Young
419,6,Wallander
419,7,released
420,0,What
420,1,is
420,2,the
420,3,genre
420,4,of
420,5,the
420,6,TV
420,7,series
420,8,Young
420,9,Wallander
421,0,Where
421,1,is
421,2,the
421,3,TV
421,4,series
421,5,Young
421,6,Wallander
421,7,set
422,0,What
422,1,is
422,2,the
422,3,significance
422,4,of
422,5,the
422,6,Wudang
422,7,Sect
422,8,in
422,9,the
422,10,overall
422,11,storyline
422,12,of
422,13,wuxia
422,14,fiction
423,0,How
423,1,does
423,2,the
423,3,Wudang
423,4,Sect's
423,5,martial
423,6,arts
423,7,style
423,8,differ
423,9,from
423,10,other
423,11,sects
424,0,Which
424,1,works
424,2,of
424,3,wuxia
424,4,fiction
424,5,mention
424,6,the
424,7,Wudang
424,8,Sect
425,0,Is
425,1,The
425,2,Tales
425,3,of
425,4,Beedle
425,5,the
425,6,Bard
425,7,set
425,8,in
425,9,the
425,10,Harry
425,11,Potter
425,12,universe
426,0,What
426,1,type
426,2,of
426,3,book
426,4,is
426,5,The
426,6,Tales
426,7,of
426,8,Beedle
426,9,the
426,10,Bard
427,0,How
427,1,many
427,2,tales
427,3,are
427,4,included
427,5,in
427,6,The
427,7,Tales
427,8,of
427,9,Beedle
427,10,the
427,11,Bard
428,0,What
428,1,kind
428,2,of
428,3,place
428,4,is
428,5,the
428,6,Pühtitsa
428,7,Convent
428,8,and
428,9,what
428,10,activities
428,11,take
428,12,place
428,13,there
429,0,Can
429,1,you
429,2,briefly
429,3,describe
429,4,the
429,5,Pühtitsa
429,6,Convent
429,7,and
429,8,its
429,9,significance
430,0,How
430,1,long
430,2,has
430,3,the
430,4,Pühtitsa
430,5,Convent
430,6,been
430,7,standing
430,8,in
430,9,Estonia
431,0,What
431,1,is
431,2,the
431,3,genre
431,4,of
431,5,Gulliver's
431,6,Travels
432,0,In
432,1,what
432,2,year
432,3,was
432,4,Gulliver's
432,5,Travels
432,6,published
433,0,What
433,1,type
433,2,of
433,3,artistic
433,4,work
433,5,is
433,6,Gulliver's
433,7,Travels
434,0,Is
434,1,Angels
434,2,&
434,3,Demons
434,4,a
434,5,novel
434,6,or
434,7,an
434,8,artwork
435,0,Who
435,1,is
435,2,the
435,3,author
435,4,of
435,5,Angels
435,6,&
435,7,Demons
436,0,When
436,1,was
436,2,Angels
436,3,&
436,4,Demons
436,5,published
437,0,What
437,1,is
437,2,the
437,3,name
437,4,of
437,5,the
437,6,neighborhood
437,7,where
437,8,Heydar
437,9,Mosque
437,10,is
437,11,situated
438,0,What
438,1,type
438,2,of
438,3,place
438,4,is
438,5,Heydar
438,6,Mosque
439,0,In
439,1,which
439,2,city
439,3,is
439,4,the
439,5,Heydar
439,6,Mosque
439,7,located
440,0,When
440,1,was
440,2,the
440,3,Cello
440,4,Concerto
440,5,No
440,6,2
440,7,composed
441,0,Who
441,1,composed
441,2,the
441,3,Cello
441,4,Concerto
441,5,No
441,6,2
442,0,What
442,1,instrument
442,2,is
442,3,featured
442,4,prominently
442,5,in
442,6,the
442,7,Cello
442,8,Concerto
442,9,No
442,10,2
443,0,When
443,1,was
443,2,the
443,3,TV
443,4,series
443,5,War
443,6,and
443,7,Remembrance
443,8,first
443,9,aired
444,0,Who
444,1,are
444,2,the
444,3,main
444,4,characters
444,5,in
444,6,the
444,7,TV
444,8,series
444,9,War
444,10,and
444,11,Remembrance
445,0,How
445,1,many
445,2,seasons
445,3,are
445,4,there
445,5,in
445,6,the
445,7,television
445,8,series
445,9,War
445,10,and
445,11,Remembrance
446,0,What
446,1,is
446,2,the
446,3,significance
446,4,of
446,5,Terem
446,6,Palace
446,7,in
446,8,Russian
446,9,history
447,0,How
447,1,old
447,2,is
447,3,Terem
447,4,Palace
448,0,Who
448,1,commissioned
448,2,the
448,3,construction
448,4,of
448,5,Terem
448,6,Palace
449,0,Which
449,1,storyline
449,2,first
449,3,introduced
449,4,the
449,5,concept
449,6,of
449,7,the
449,8,Horsemen
449,9,of
449,10,Apocalypse
449,11,in
449,12,Marvel
449,13,Comics
450,0,What
450,1,are
450,2,the
450,3,powers
450,4,and
450,5,abilities
450,6,of
450,7,the
450,8,Horsemen
450,9,of
450,10,Apocalypse
451,0,Have
451,1,there
451,2,been
451,3,different
451,4,versions
451,5,of
451,6,the
451,7,Horsemen
451,8,of
451,9,Apocalypse
451,10,in
451,11,alternate
451,12,Marvel
451,13,universes
452,0,What
452,1,is
452,2,the
452,3,Unknown
452,4,Soldier
452,5,Memorial
452,6,in
452,7,Egypt
453,0,When
453,1,was
453,2,the
453,3,Symphony
453,4,in
453,5,D
453,6,minor
453,7,first
453,8,performed
454,0,What
454,1,is
454,2,the
454,3,key
454,4,signature
454,5,of
454,6,the
454,7,Symphony
454,8,in
454,9,D
454,10,minor
455,0,How
455,1,many
455,2,movements
455,3,are
455,4,there
455,5,in
455,6,the
455,7,Symphony
455,8,in
455,9,D
455,10,minor
456,0,What
456,1,is
456,2,the
456,3,subject
456,4,of
456,5,Mao's
456,6,Great
456,7,Famine
457,0,Who
457,1,is
457,2,the
457,3,author
457,4,of
457,5,the
457,6,book
457,7,Mao's
457,8,Great
457,9,Famine
458,0,When
458,1,was
458,2,the
458,3,book
458,4,Mao's
458,5,Great
458,6,Famine
458,7,published
459,0,How
459,1,many
459,2,seasons
459,3,of
459,4,the
459,5,television
459,6,series
459,7,The
459,8,Adventures
459,9,of
459,10,Champion
459,11,were
459,12,produced
460,0,Who
460,1,is
460,2,the
460,3,main
460,4,character
460,5,in
460,6,the
460,7,television
460,8,series
460,9,The
460,10,Adventures
460,11,of
460,12,Champion
461,0,In
461,1,which
461,2,year
461,3,did
461,4,The
461,5,Adventures
461,6,of
461,7,Champion
461,8,first
461,9,premiere
462,0,When
462,1,was
462,2,The
462,3,Digest
462,4,of
462,5,Laws
462,6,of
462,7,the
462,8,Russian
462,9,Empire
462,10,published
463,0,How
463,1,would
463,2,you
463,3,describe
463,4,the
463,5,content
463,6,of
463,7,The
463,8,Digest
463,9,of
463,10,Laws
463,11,of
463,12,the
463,13,Russian
463,14,Empire
464,0,Who
464,1,compiled
464,2,The
464,3,Digest
464,4,of
464,5,Laws
464,6,of
464,7,the
464,8,Russian
464,9,Empire
465,0,Which
465,1,director
465,2,helmed
465,3,the
465,4,2000
465,5,film
465,6,Gone
465,7,in
465,8,60
465,9,Seconds
466,0,What
466,1,year
466,2,was
466,3,the
466,4,movie
466,5,Gone
466,6,in
466,7,60
466,8,Seconds
466,9,released
467,0,How
467,1,long
467,2,does
467,3,it
467,4,take
467,5,for
467,6,something
467,7,to
467,8,vanish
467,9,in
467,10,the
467,11,movie
467,12,Gone
467,13,in
467,14,60
467,15,Seconds
468,0,Can
468,1,you
468,2,provide
468,3,an
468,4,example
468,5,of
468,6,a
468,7,major
468,8,event
468,9,or
468,10,storyline
468,11,within
468,12,the
468,13,Marvel
468,14,multiverse
469,0,Are
469,1,there
469,2,different
469,3,versions
469,4,of
469,5,popular
469,6,Marvel
469,7,characters
469,8,within
469,9,the
469,10,Marvel
469,11,multiverse
470,0,How
470,1,does
470,2,the
470,3,concept
470,4,of
470,5,the
470,6,Marvel
470,7,multiverse
470,8,impact
470,9,storytelling
470,10,and
470,11,character
470,12,development
470,13,in
470,14,Marvel
470,15,Comics
471,0,How
471,1,many
471,2,episodes
471,3,are
471,4,there
471,5,in
471,6,The
471,7,Light
471,8,in
471,9,Your
471,10,Eyes
471,11,TV
471,12,series
472,0,Who
472,1,are
472,2,the
472,3,main
472,4,actors
472,5,in
472,6,The
472,7,Light
472,8,in
472,9,Your
472,10,Eyes
473,0,When
473,1,was
473,2,The
473,3,Light
473,4,in
473,5,Your
473,6,Eyes
473,7,first
473,8,aired
473,9,in
473,10,South
473,11,Korea
474,0,How
474,1,is
474,2,the
474,3,Justice
474,4,League
474,5,International
474,6,different
474,7,from
474,8,the
474,9,original
474,10,Justice
474,11,League
475,0,What
475,1,is
475,2,the
475,3,mission
475,4,of
475,5,the
475,6,Justice
475,7,League
475,8,International
476,0,Which
476,1,DC
476,2,Comics
476,3,series
476,4,features
476,5,the
476,6,Justice
476,7,League
476,8,International
477,0,What
477,1,kind
477,2,of
477,3,stories
477,4,are
477,5,set
477,6,in
477,7,the
477,8,Hyborian
477,9,Age
478,0,Who
478,1,created
478,2,the
478,3,concept
478,4,of
478,5,the
478,6,Hyborian
478,7,Age
479,0,Is
479,1,the
479,2,Hyborian
479,3,Age
479,4,based
479,5,on
479,6,real
479,7,historical
479,8,events
480,0,When
480,1,was
480,2,the
480,3,Sonata
480,4,for
480,5,Violin
480,6,and
480,7,Cello
480,8,first
480,9,performed
481,0,What
481,1,instruments
481,2,are
481,3,featured
481,4,in
481,5,the
481,6,Sonata
481,7,for
481,8,Violin
481,9,and
481,10,Cello
482,0,How
482,1,would
482,2,you
482,3,describe
482,4,the
482,5,style
482,6,of
482,7,the
482,8,Sonata
482,9,for
482,10,Violin
482,11,and
482,12,Cello
483,0,Where
483,1,was
483,2,Infante
483,3,Jaime
483,4,Duke
483,5,of
483,6,Segovia
483,7,from
484,0,What
484,1,title
484,2,did
484,3,Infante
484,4,Jaime
484,5,Duke
484,6,of
484,7,Segovia
484,8,hold
485,0,When
485,1,was
485,2,Infante
485,3,Jaime
485,4,Duke
485,5,of
485,6,Segovia
485,7,born
486,0,What
486,1,instruments
486,2,are
486,3,featured
486,4,in
486,5,St
486,6,Mary's
486,7,Trumpet
486,8,Call
487,0,Who
487,1,is
487,2,the
487,3,composer
487,4,of
487,5,St
487,6,Mary's
487,7,Trumpet
487,8,Call
488,0,How
488,1,long
488,2,is
488,3,the
488,4,duration
488,5,of
488,6,St
488,7,Mary's
488,8,Trumpet
488,9,Call
489,0,Who
489,1,starred
489,2,in
489,3,the
489,4,1972
489,5,movie
489,6,The
489,7,Visitors
490,0,What
490,1,year
490,2,was
490,3,The
490,4,Visitors
490,5,released
491,0,What
491,1,is
491,2,the
491,3,nationality
491,4,of
491,5,the
491,6,film
491,7,The
491,8,Visitors
492,0,When
492,1,was
492,2,The
492,3,Man
492,4,Who
492,5,Was
492,6,Thursday
492,7,first
492,8,published
493,0,What
493,1,is
493,2,the
493,3,genre
493,4,of
493,5,the
493,6,artwork
493,7,The
493,8,Man
493,9,Who
493,10,Was
493,11,Thursday
494,0,Can
494,1,you
494,2,provide
494,3,a
494,4,brief
494,5,summary
494,6,of
494,7,the
494,8,storyline
494,9,in
494,10,the
494,11,artwork
494,12,The
494,13,Man
494,14,Who
494,15,Was
494,16,Thursday
495,0,Can
495,1,visitors
495,2,enter
495,3,the
495,4,Rüstem
495,5,Pasha
495,6,Mosque
495,7,to
495,8,explore
495,9,its
495,10,interior
496,0,How
496,1,would
496,2,you
496,3,describe
496,4,the
496,5,architectural
496,6,style
496,7,of
496,8,the
496,9,Rüstem
496,10,Pasha
496,11,Mosque
497,0,What
497,1,is
497,2,the
497,3,significance
497,4,of
497,5,the
497,6,Rüstem
497,7,Pasha
497,8,Mosque
497,9,within
497,10,the
497,11,local
497,12,community
498,0,What
498,1,was
498,2,the
498,3,purpose
498,4,of
498,5,Noah's
498,6,Ark
499,0,How
499,1,many
499,2,of
499,3,each
499,4,animal
499,5,were
499,6,on
499,7,Noah's
499,8,Ark
500,0,Did
500,1,Noah's
500,2,Ark
500,3,come
500,4,to
500,5,rest
500,6,on
500,7,Mount
500,8,Ararat